"","LOCATION","avg_hours"
"1","KOR",2079.5
"2","NLD",1456.53842476395
"3","NZL",1804
"4","USA",1839.03707413485
